{"filter_type": "pf", "runs": 10, "r": ["1/64", "1/16", "1/4", "1", "4", "16", "64"], "no-dataloop": false, "results": {"1/64": {"data_factor": 0.015625, "filter_factor": 0.015625, "runs": [[1.7089524634822366, 38.678069882115715, 12.892689960705239], [9.414631852880735, 65835561.25706404, 21945187.085688014], [0.8835821410650917, 11.879757163664902, 3.9599190545549674], [1.2250629256090557, 18.118567857822555, 6.039522619274185], [0.9461454801534284, 6.8707567986092135, 2.2902522662030713], [0.9647861680425933, 7.6155478373520396, 2.538515945784013], [1.6925923505426375, 20.63268889843725, 6.87756296614575], [1.2147070785818708, 18.588391487708666, 6.196130495902889], [0.9642987428306747, 27.65383482595438, 9.217944941984793], [1.1284418831939993, 9.625391371963962, 3.2084637906546543]]}, "1/16": {"data_factor": 0.0625, "filter_factor": 0.0625, "runs": [[2.2152846629378447, 20.31794497145302, 6.772648323817673], [2.3021129903002224, 10.729834404586173, 3.576611468195391], [2.436195244150495, 21.995053533056243, 7.331684511018747], [2.310608074125114, 9.27447252395914, 3.0914908413197133], [1.6639108320098708, 3.8889845256219018, 1.2963281752073006], [3.2651715718103564, 23.16449605262329, 7.721498684207763], [2.1489718183914652, 7.062268130774908, 2.354089376924969], [3.073404346020559, 13.358506064429248, 4.452835354809749], [1.6445763409705052, 5.469409372233769, 1.8231364574112563], [2.0845708652315125, 5.576961200574103, 1.8589870668580344]]}, "1/4": {"data_factor": 0.25, "filter_factor": 0.25, "runs": [[6.051002011622627, 38.512065315972976, 12.837355105324326], [4.676042522047132, 10.324765526121357, 3.441588508707119], [4.1297945978095605, 8.976844964778943, 2.9922816549263143], [3.1375992915357824, 4.277059248885421, 1.4256864162951404], [3.8443665269488583, 7.158968123846529, 2.386322707948843], [2.9124933087177545, 3.521909650132407, 1.173969883377469], [5.529543908793719, 13.034961800694443, 4.344987266898148], [2.984337676415945, 5.335490753587735, 1.7784969178625785], [5.9691902515865305, 23.55646969608464, 7.852156565361547], [4.565473321350891, 11.589456107078846, 3.8631520356929485]]}, "1": {"data_factor": 1, "filter_factor": 1, "runs": [[8.13559308095603, 6.2540717279749085, 2.0846905759916363], [8.927411699674598, 5.001232294681432, 1.6670774315604773], [7.272388519885554, 8.957958020345949, 2.985986006781983], [9.76512796720508, 8.13786067362562, 2.712620224541873], [8.61160760749884, 11.873360010226392, 3.957786670075464], [8.555470083151135, 6.894100211002922, 2.2980334036676404], [10.230665400186021, 8.920621060013547, 2.973540353337849], [7.332595609470704, 11.24016318778826, 3.746721062596087], [9.35364946833951, 9.002688594825605, 3.0008961982752016], [6.796423560803371, 5.0189490602562055, 1.672983020085402]]}, "4": {"data_factor": 4, "filter_factor": 4, "runs": [[16.14641237137652, 6.944024660715534, 2.314674886905178], [18.850062602968205, 7436.651288882555, 2478.8837629608515], [19.248799540516885, 12.075849308544305, 4.0252831028481015], [32.75537934137796, 64.19625657256945, 21.398752190856484], [14.835227311666577, 5.681977843226608, 1.8939926144088695], [26.28644017600837, 23.313374990383195, 7.7711249967943985], [20.008614805988085, 11.333873024382868, 3.777957674794289], [22.38615419518637, 26.719411574839167, 8.90647052494639], [33.07212676700433, 20.12297347680728, 6.7076578256024275], [11.012038453623337, 3.682729280806035, 1.227576426935345]]}, "16": {"data_factor": 16, "filter_factor": 16, "runs": [[72.44905280111401, 12.67435993976762, 4.224786646589206], [42.35692189622862, 8.80502987042261, 2.9350099568075367], [50.46821959512057, 13.647042016838167, 4.549014005612722], [54.17151115626533, 23.875156832821553, 7.9583856109405176], [28.22374193983316, 7.839963942000025, 2.613321314000008], [35.50487387364987, 8.553789338199373, 2.851263112733124], [46.55689199333505, 14.412013778559924, 4.804004592853308], [29.26982674833579, 6.258202489678203, 2.086067496559401], [37.09599005927918, 13.6251848928573, 4.5417282976191], [61.89288484954301, 13.829321658379868, 4.609773886126622]]}, "64": {"data_factor": 64, "filter_factor": 64, "runs": [[51.81509051722915, 5.198086592142546, 1.7326955307141818], [63.595249992285844, 7.593681703091908, 2.5312272343639695], [97.38887555294967, 5.302957280699438, 1.7676524268998126], [60.84251477860657, 5.402661828901792, 1.8008872763005972], [66.12667535551321, 6.199329231493643, 2.0664430771645477], [62.00846155749836, 8.034235932106354, 2.6780786440354514], [58.946205527007706, 4.064179940285951, 1.3547266467619836], [73.39481493087467, 9.862120621768296, 3.287373540589432], [57.632502587798015, 3.6919050973805785, 1.230635032460193], [111.68613955101799, 11.187076122953338, 3.729025374317779]]}}}