{"filter_type": "pf", "runs": 10, "r": ["1/64", "1/16", "1/4", "1", "4", "16", "64"], "no-dataloop": false, "results": {"1/64": {"data_factor": 0.015625, "filter_factor": 0.015625, "runs": {"20": [[4.332934465537072, 161720.12899333087, 53906.709664443624], [5.055683398863491, 3725871938.905581, 1241957312.968527], [6.765225262970014, 2197480379.89841, 732493459.9661366], [18.74274808774645, 9569434533.926434, 3189811511.308811], [12.40076633705955, 22541041011.116905, 7513680337.038968], [7.3842384395988425, 99508.03235763744, 33169.34411921248], [1.3580565661846986, 1595.4899355789346, 531.8299785263115], [2.5374138094317313, 2038841.9124748576, 679613.9708249526], [1.2689765671446849, 233221.02390317037, 77740.34130105679], [4.336739962544872, 854530.7760028578, 284843.59200095263]], "50": [[3.1662413262143216, 23013.945955033585, 7671.315318344528], [7.532564209873155, 9814509.27533033, 3271503.0917767766], [4.244374411095774, 107002.33793244897, 35667.44597748299], [15.750181733226288, 13607869.872072997, 4535956.6240243325], [5.187582286431866, 251351.99639162913, 83783.99879720972], [2.631493990971976, 993617107.6367769, 331205702.5455923], [2.546663516425877, 18020.246056321957, 6006.7486854406525], [7.575198202373901, 3198701.4882488395, 1066233.82941628], [2.21453020277356, 262199.4235990624, 87399.80786635412], [1.8458573861628227, 42444.533209179885, 14148.177736393294]], "500": [[2.7827627740932273, 1159.3162430951634, 386.4387476983878], [4.587307698667633, 16741.10381092931, 5580.367936976437], [3.5445206095384765, 2573.942109777067, 857.9807032590223], [1.7604584723478032, 2984.7131929053244, 994.9043976351081], [6.084769008561222, 17531.21656209981, 5843.7388540332695], [4.4424522732836, 11274.669647029184, 3758.223215676395], [2.142176125706695, 98032.44272716378, 32677.480909054593], [1.120949500495111, 523.7908141572926, 174.5969380524309], [3.9963425198510696, 4567.630797373868, 1522.5435991246225], [3.709969386147583, 37315.99414912941, 12438.66471637647]]}}, "1/16": {"data_factor": 0.0625, "filter_factor": 0.0625, "runs": {"20": [[5.423814823262225, 203352.79247526106, 67784.26415842035], [6.0985649454184205, 39800.35526372651, 13266.785087908836], [22.962010291552062, 624358.1911490695, 208119.3970496898], [26.888429549295523, 2748412.6505453484, 916137.5501817828], [5.176167940934249, 1411822298.0466666, 470607432.6822222], [7.629520515656213, 20733.120308963935, 6911.040102987979], [10.83220112969157, 3316146.6815152983, 1105382.227171766], [15.686614779761921, 1366421447.7679565, 455473815.9226522], [3.48233883460847, 34861.748050584545, 11620.582683528182], [4.030490084146959, 52762.931688335324, 17587.643896111775]], "50": [[7.384808979962154, 6850.174242511884, 2283.3914141706277], [10.907406582060561, 51740.768328373175, 17246.922776124393], [3.763915401366515, 54061.26387873678, 18020.421292912262], [2.574165953643507, 372.8722462544174, 124.29074875147246], [5.377850310421508, 3981.8819443535945, 1327.293981451198], [1.845239775986549, 15552710.040549967, 5184236.680183322], [4.6922998434612495, 5104.619689923753, 1701.539896641251], [1.9032181049475554, 394.93441068252764, 131.64480356084255], [3.796900193338979, 1887.8647773238952, 629.288259107965], [3.537586745595487, 1086539559.6744404, 362179853.22481346]], "500": [[3.294506342958865, 718.2972607005312, 239.43242023351038], [6.929838039997976, 24369.97623980794, 8123.325413269314], [4.823068957500274, 164738.6355411036, 54912.8785137012], [10.600319032348956, 26297.006385938515, 8765.668795312838], [4.007344406863387, 2762.956280205945, 920.985426735315], [14.654867472399244, 78019.13838734743, 26006.379462449142], [3.3176890029799897, 1065.8156645589083, 355.27188818630276], [3.047700867625506, 2134.303984928729, 711.4346616429096], [9.284039330176478, 670959.6717606494, 223653.22392021646], [4.454610778791224, 3197917.2056368724, 1065972.4018789574]]}}, "1/4": {"data_factor": 0.25, "filter_factor": 0.25, "runs": {"20": [[14.933437113394048, 3848.9969678271364, 1282.9989892757121], [6.998946566845371, 1430.4167359100843, 476.80557863669475], [4.74234761420847, 1082.4167581098136, 360.80558603660455], [4.3583037216510805, 785.1249417852875, 261.70831392842916], [5.1728953571533705, 485.6480036744881, 161.88266789149603], [9.017747906427227, 3639.1054608334066, 1213.0351536111355], [6.803327032130596, 269975.8118938927, 89991.93729796424], [4.954818998966439, 59330.413415988885, 19776.804471996296], [11.803340075551507, 30539828.170534063, 10179942.723511355], [11.884337369911911, 5335.995825016361, 1778.6652750054536]], "50": [[4.983083628064346, 498.74458908556136, 166.2481963618538], [6.369757442484138, 560.3200927289296, 186.77336424297653], [13.017288799093512, 3216.6935590970174, 1072.2311863656726], [16.196870223114942, 50428.56151090745, 16809.520503635817], [17.635568080248515, 10717.731893808514, 3572.5772979361714], [7.958400122895032, 20235458.603326894, 6745152.867775631], [6.26765342826268, 629956.4939381899, 209985.49797939663], [4.618730164611666, 113026.19961304875, 37675.39987101625], [9.59851348370653, 13535.875379344256, 4511.958459781418], [4.7588049336577285, 368.5697146923035, 122.85657156410116]], "500": [[5.891328299936806, 11974.105390098954, 3991.368463366318], [3.825653473814391, 116.84948421340178, 38.94982807113393], [8.798743804611767, 722.6328059257534, 240.8776019752511], [9.181052064640834, 1866.2137281784637, 622.0712427261545], [6.474321208546171, 12551.549634678877, 4183.849878226292], [5.501352876020933, 389.37923468396497, 129.79307822798833], [5.189477329971545, 23051.980799885845, 7683.993599961948], [8.384782968968045, 2368.5004710778426, 789.5001570259475], [3.843461221734538, 11823.412732473029, 3941.13757749101], [4.997524931287492, 21750161.15256829, 7250053.717522763]]}}, "1": {"data_factor": 1, "filter_factor": 1, "runs": {"20": [[22.108262096107058, 14698.544431815148, 4899.514810605049], [21.450820696202854, 24706.8190427499, 8235.6063475833], [12.246753038695683, 1423.6689179129435, 474.55630597098116], [12.122618949143321, 3852.4427384752953, 1284.147579491765], [23.356193846658208, 1067033.2952084648, 355677.76506948826], [7.681231860388431, 908.1056691524963, 302.7018897174988], [21.108745918563663, 2073827.398658806, 691275.7995529353], [20.898040853299435, 276388996.2702881, 92129665.42342937], [15.62651106991607, 143007.65282181135, 47669.21760727045], [7.922086939915394, 1517.9719033250904, 505.9906344416968]], "50": [[7.684685959561188, 2365.1168427703237, 788.3722809234413], [14.259676993093553, 2451.9820140939883, 817.3273380313294], [11.052408184026262, 1146.2582351636029, 382.08607838786764], [7.6889526203848835, 6771.191690344219, 2257.063896781406], [11.268015482348751, 469.7747225532972, 156.5915741844324], [18.704842208052025, 1272.686611748136, 424.22887058271203], [22.23460424179263, 14848447.65759751, 4949482.552532503], [11.870514033991208, 23815.608460148767, 7938.536153382923], [9.017012908875897, 399.98653623218325, 133.32884541072775], [7.72050229549189, 1883.3298225133572, 627.7766075044524]], "500": [[21.72974453753599, 1431.9693882969254, 477.32312943230846], [13.700722895708296, 7107.298148522174, 2369.099382840725], [18.740071107205328, 1112.8343034301224, 370.9447678100408], [9.035508862621425, 518.0903085098116, 172.69676950327053], [14.710483222280127, 3267.064008003833, 1089.0213360012776], [7.013920512812194, 155.71730911387237, 51.90576970462413], [25.380776203264062, 4267.469318009017, 1422.4897726696724], [16.53773456433481, 614.0324984644608, 204.6774994881536], [23.28716086511934, 1276.201190484521, 425.40039682817365], [12.983618800563857, 2417.364370118363, 805.7881233727876]]}}, "4": {"data_factor": 4, "filter_factor": 4,