{"filter_type": "pf", "runs": 10, "r": ["1"], "no-dataloop": false, "results": {"1": {"data_factor": 1, "filter_factor": 1, "runs": [[9.406338221215837, 583694.949706621, 194564.98323554033], [9.81934130548892, 5180.4127341480935, 1726.8042447160312], [11.559902280026565, 460.1173562244566, 153.37245207481888], [17.09672810122382, 384.0309388935509, 128.01031296451697], [10.949040334734176, 557.3362398226276, 185.77874660754253], [18.46578503716278, 1027.9183751246849, 342.63945837489496], [8.83324722524281, 500.157412031023, 166.71913734367433], [15.382125143917278, 2041.835243539994, 680.6117478466647], [13.9126234667433, 2225.185841486063, 741.7286138286877], [11.759881373954855, 10717559.989477415, 3572519.9964924715]]}}}