{"filter_type": "ekf", "runs": 10, "r": ["1/64", "1/16", "1/4", "1", "4", "16", "64"], "no-dataloop": false, "results": {"1/64": {"data_factor": 0.015625, "filter_factor": 0.015625, "runs": [[1.0648187097357156, 3.7210037698048297, 1.2403345899349432], [0.7545661026943263, 2.398873236205947, 0.799624412068649], [0.6606672100017877, 2.032167880077256, 0.6773892933590853], [1.0048962498966654, 3.0609718709498748, 1.0203239569832916], [0.9292701179884785, 2.987709544048564, 0.9959031813495214], [0.746416995503183, 2.1487772329646884, 0.7162590776548962], [0.5728698759456592, 1.7746482351594017, 0.5915494117198006], [0.9219905559680848, 3.2161797561028043, 1.0720599187009348], [0.9705101543437948, 3.7199539838245825, 1.2399846612748608], [1.2526417753832626, 4.439736074344324, 1.4799120247814415]]}, "1/16": {"data_factor": 0.0625, "filter_factor": 0.0625, "runs": [[1.526881665861148, 2.522258327685796, 0.8407527758952654], [1.5313404305282998, 2.2653863664825153, 0.7551287888275051], [2.1481634429621352, 3.5581010982073473, 1.1860336994024492], [2.027360541224105, 3.8775700681207637, 1.2925233560402545], [2.158319908243259, 4.10528806397255, 1.3684293546575166], [1.4475595653845246, 2.131243914208239, 0.710414638069413], [2.1237829558394345, 3.548585726560848, 1.182861908853616], [1.3585247391010504, 2.3443110138945955, 0.7814370046315319], [2.125876680317498, 3.342534914220149, 1.1141783047400498], [2.3297126654841263, 4.145573949576748, 1.3818579831922493]]}, "1/4": {"data_factor": 0.25, "filter_factor": 0.25, "runs": [[3.5109235664683123, 2.8020851182102144, 0.9340283727367381], [2.8230477824068783, 2.2158544214383884, 0.7386181404794628], [2.0594372267767516, 1.8765026168444252, 0.6255008722814751], [3.2232863993316285, 3.0241866997261404, 1.0080622332420468], [2.5273900151453943, 2.1039850129070374, 0.7013283376356791], [2.657120698152285, 2.5057566235575632, 0.8352522078525211], [3.241210418713865, 3.007575796839407, 1.0025252656131356], [3.0011542978644434, 2.737027955259834, 0.9123426517532779], [2.8110301040527603, 2.1631231654469327, 0.7210410551489775], [3.10290388235404, 2.9073067869909424, 0.9691022623303142]]}, "1": {"data_factor": 1, "filter_factor": 1, "runs": [[5.769125989639588, 2.8042828595776137, 0.9347609531925379], [10.817901477755282, 17.981175372737265, 5.993725124245755], [8.554336465001644, 4.581665061994296, 1.527221687331432], [6.5666769533667955, 3.1725219885963396, 1.0575073295321131], [8.366884672797694, 3.7392776825255307, 1.246425894175177], [6.516355175623809, 3.1654076425556106, 1.0551358808518703], [5.102487094247505, 2.0570570920975886, 0.6856856973658628], [5.62056544650507, 2.478802361328761, 0.8262674537762537], [8.19152812344056, 3.8379904811250447, 1.279330160375015], [4.412443827347817, 1.863406782314013, 0.621135594104671]]}, "4": {"data_factor": 4, "filter_factor": 4, "runs": [[17.4720746702732, 4.506685251057945, 1.502228417019315], [12.840702477671949, 2.891016321072909, 0.9636721070243031], [21.717674131676194, 5.857784910899585, 1.9525949702998615], [17.136610955580423, 3.5133365944045556, 1.1711121981348518], [11.034074165203974, 2.3824202017216476, 0.7941400672405492], [9.608710142061948, 2.033628162444765, 0.677876054148255], [12.221141478094559, 3.0061433279635104, 1.0020477759878368], [18.54358677352617, 5.07012606694218, 1.69004202231406], [11.125306242570698, 2.1641712171899585, 0.7213904057299861], [15.48274765301701, 7.21630448373822, 2.40543482791274]]}, "16": {"data_factor": 16, "filter_factor": 16, "runs": [[42.994419141160044, 2.4765173700885668, 0.8255057900295223], [114.2582267332241, 7.592087996495982, 2.530695998831994], [24.00008384865537, 2.2211709623102194, 0.7403903207700732], [23.453991269817717, 2.1931764139103036, 0.7310588046367679], [39.17497026369633, 4.2330233448505865, 1.4110077816168622], [19.46316125156061, 2.1980266857391753, 0.7326755619130584], [50.36212622424019, 4.804965464381168, 1.6016551547937228], [32.228662689988774, 2.6732927959525163, 0.8910975986508388], [23.80343827531211, 2.6910001448283314, 0.8970000482761105], [57.358096078172586, 3.2558576403008237, 1.0852858801002745]]}, "64": {"data_factor": 64, "filter_factor": 64, "runs": [[51.7110096204842, 2.5045085213319327, 0.8348361737773109], [42.434260722087714, 3.2235857293388177, 1.0745285764462726], [126.70477017148544, 17.106463382839575, 5.702154460946525], [130.32350068060666, 15.051706717936918, 5.01723557264564], [110.86115253691402, 6.605024614010989, 2.2016748713369965], [56.79960786923999, 2.1629969671430094, 0.7209989890476698], [118.81014589731753, 5.045962886429717, 1.6819876288099056], [61.92389169136728, 3.9947051645541682, 1.3315683881847227], [74.33711526354593, 4.64991223371991, 1.5499707445733033], [75.68599881575999, 4.584773831933361, 1.5282579439777868]]}}}