{"filter_type": "pf", "runs": 10, "r": ["1/64", "1/16", "1/4", "1", "4", "16", "64"], "no-dataloop": false, "results": {"1/64": {"data_factor": 0.015625, "filter_factor": 0.015625, "runs": [[1.6612318228412744, 874.6041062068285, 291.53470206894286], [2.957927724591896, 1874.0558292226237, 624.6852764075412], [7.245582439065589, 37184.02167222309, 12394.67389074103], [1.9092189123751069, 885.8237477041149, 295.2745825680383], [2.086327909635462, 6391.909977078369, 2130.6366590261227], [2.849196885911616, 2000.3587685866632, 666.7862561955544], [5.631321269556595, 309244.98061945394, 103081.66020648465], [4.8474582591653155, 149672.0960771271, 49890.6986923757], [4.547207330500017, 3792.0864600188056, 1264.0288200062685], [7.691900650821128, 5426851.351566328, 1808950.4505221092]]}, "1/16": {"data_factor": 0.0625, "filter_factor": 0.0625, "runs": [[16.516144750247285, 6584408.669629092, 2194802.8898763643], [7.396717148509096, 4357.507345618049, 1452.5024485393496], [5.624317998290094, 2946.9173342792164, 982.3057780930721], [2.4896894071381146, 4780343.320898023, 1593447.7736326745], [2.976113892899934, 723.9987873621835, 241.33292912072784], [17.514377671706445, 11700945.571731932, 3900315.190577311], [10.003670616282868, 27957.002404892064, 9319.000801630687], [4.219934829508317, 1203.890619599616, 401.296873199872], [5.327398442663183, 2440.917614987359, 813.6392049957863], [5.399741665442268, 4043.16857207621, 1347.7228573587365]]}, "1/4": {"data_factor": 0.25, "filter_factor": 0.25, "runs": [[6.146689309879, 217.02753661452059, 72.34251220484019], [5.475085015708498, 1767.8502981907866, 589.2834327302622], [7.725521878869127, 534.571829966893, 178.19060998896433], [4.6735227526045175, 5272296.471237269, 1757432.1570790897], [8.77880455390874, 14814924.82111134, 4938308.27370378], [5.752997047831213, 925.9648129908171, 308.6549376636057], [5.832285575728253, 191.96532872981322, 63.98844290993774], [5.881740573075751, 728.1740465749448, 242.72468219164827], [7.425123144832496, 398841.43068459677, 132947.14356153226], [8.545684870358116, 67743537.77208689, 22581179.257362295]]}, "1": {"data_factor": 1, "filter_factor": 1, "runs": [[24.956042846579148, 5779.563303921366, 1926.521101307122], [27.577451655023133, 3568.1951893447253, 1189.3983964482418], [25.811377367960617, 5516232.019160215, 1838744.0063867383], [7.900901867932309, 189.23439324245294, 63.07813108081765], [11.061837621401478, 766.2890457014073, 255.4296819004691], [6.391622546651406, 185.52898471358515, 61.84299490452838], [8.105174684106215, 557.2087729699751, 185.73625765665838], [18.940123824794764, 9546.139102053634, 3182.0463673512113], [9.536480552707994, 206.36012755197672, 68.78670918399224], [10.449297952782565, 66057.13303072637, 22019.044343575457]]}, "4": {"data_factor": 4, "filter_factor": 4, "runs": [[55.37021203367838, 491208.5222197959, 163736.1740732653], [33.92021394079784, 2009.4565980118018, 669.818866003934], [44.45108253035405, 2117.4877757723943, 705.8292585907981], [25.612687511848353, 358.46427261594624, 119.48809087198208], [13.7898034560289, 384.29976633252613, 128.09992211084204], [33.658739641729454, 12026.702724867606, 4008.900908289202], [14.858037842429217, 288.2145447203049, 96.0715149067683], [55.58335044083658, 1375.5206588411058, 458.50688628036863], [20.257316444115283, 14846.428152224371, 4948.809384074791], [33.13205026516773, 1014.6196106508738, 338.2065368836246]]}, "16": {"data_factor": 16, "filter_factor": 16, "runs": [[17.873685057057095, 55.438080805333236, 18.479360268444413], [99.63310466611672, 2969.712742328053, 989.9042474426843], [119.48864713133179, 7110.0969318538, 2370.0323106179335], [120.45693603778781, 63305.97572975546, 21101.991909918488], [44.321302399865765, 567.1430867638379, 189.04769558794598], [115.72522150746859, 71765054.5384711, 23921684.846157033], [44.302909486618034, 1010.9209460827356, 336.9736486942452], [48.95481408275071, 667278.9514743346, 222426.31715811152], [100.8237771317485, 167947.4471433669, 55982.4823811223], [136.37982109660882, 15266.184881963893, 5088.728293987964]]}, "64": {"data_factor": 64, "filter_factor": 64, "runs": [[110.19306586142002, 917.5608469744549, 305.8536156581516], [57.91896921674439, 192.79537180179847, 64.26512393393283], [126.68844700727831, 879.2837566277045, 293.09458554256815], [99.6903180381099, 1046.2492981062553, 348.7497660354184], [155.4693630052122, 6474.899633879941, 2158.29987795998], [199.74774312500878, 585919.914042552, 195306.638014184], [104.4539472167315, 1290.0654994443707, 430.02183314812356], [54.51567279295546, 279.2103609709858, 93.07012032366192], [97.35833112666361, 1664.0915599295886, 554.6971866431962], [92.07715739610728, 696.4176355835178, 232.1392118611726]]}}}