{"filter_type": "ekf", "runs": 10, "r": ["1"], "no-dataloop": false, "results": {"1": {"data_factor": 1, "filter_factor": 1, "runs": [[6.882661937336769, 2.827292377713399, 0.942430792571133], [7.430714645082049, 3.1052128794887466, 1.0350709598295822], [7.166001334103401, 3.191686635221696, 1.0638955450738987], [11.634725523826798, 6.488527514267681, 2.162842504755894], [13.664264482343809, 11.870699817057707, 3.9568999390192356], [5.696151732204387, 2.34981637742886, 0.7832721258096199], [9.583857618078946, 4.581365361526227, 1.5271217871754088], [8.142026301842707, 3.942605005612058, 1.3142016685373525], [7.312495473016015, 4.0315105912237525, 1.3438368637412508], [5.407201353802941, 1.9830808496807864, 0.6610269498935955]]}}}