{"filter_type": "pf", "runs": 10, "r": ["1/64", "1/16", "1/4", "1", "4", "16", "64"], "no-dataloop": true, "results": {"1/64": {"data_factor": 1, "filter_factor": 0.015625, "runs": [[60.705948640804166, 51334649783.411194, 17111549927.803732], [51.24990861170567, 792935329501.8467, 264311776500.61557], [16.241339728839485, 407385.5750288072, 135795.19167626908], [153.62377507619448, 118362125.76238014, 39454041.92079338], [22.373768063089532, 7882348.371499467, 2627449.4571664887], [51.906295593680134, 485443081768.93134, 161814360589.64377], [30.639933395402295, 2526340093.426781, 842113364.4755937], [58.46163708890433, 1705542674.478035, 568514224.8260117], [63.420877767905694, 2230883203158.012, 743627734386.004], [33.70652212876453, 16943707.908207506, 5647902.636069168]]}, "1/16": {"data_factor": 1, "filter_factor": 0.0625, "runs": [[16.063053578051335, 455129.664444907, 151709.88814830233], [24.163320322809472, 263128823.16528022, 87709607.72176008], [29.420525301862668, 2910768.0631874083, 970256.0210624695], [25.144715885091564, 5801964.440561405, 1933988.1468538018], [24.185112488114736, 876465.128106438, 292155.042702146], [34.10474496353946, 226469866288.01328, 75489955429.33775], [39.16352833610387, 103676049001.86554, 34558683000.62185], [20.34713219528836, 936827.4519431393, 312275.8173143798], [16.8809486553171, 1888495202.717536, 629498400.9058453], [26.781329221490914, 109606341905.1066, 36535447301.7022]]}, "1/4": {"data_factor": 1, "filter_factor": 0.25, "runs": [[8.098528380689425, 78081110.28708477, 26027036.76236159], [8.321786208353636, 1395320.5560365352, 465106.8520121784], [47.30787571665029, 46341873.78011344, 15447291.260037811], [6.916724967607512, 3694.3825922159, 1231.4608640719666], [10.991540849932733, 47946959.565501414, 15982319.855167137], [12.015741287915166, 457749.32620469935, 152583.10873489978], [5.960504750005778, 7958.280732501403, 2652.7602441671343], [44.790906686202455, 292226.0690138717, 97408.68967129057], [13.153733337415911, 39193.49585096684, 13064.498616988947], [8.326663999198779, 183296.7146199695, 61098.90487332317]]}, "1": {"data_factor": 1, "filter_factor": 1, "runs": [[14.54010063210609, 500.6383158626104, 166.87943862087013], [16.11232152588017, 5914.213093830458, 1971.4043646101527], [19.517771751008016, 5074.531003865052, 1691.510334621684], [32.704834773900764, 52945950.162311375, 17648650.05410379], [16.186778006110433, 3864.9276255704212, 1288.3092085234737], [15.573256393062042, 20939.754640063384, 6979.918213354461], [13.728891736902954, 10943.53367769696, 3647.84455923232], [11.446648672707486, 641.5177919151517, 213.83926397171726], [19.385403385733202, 2673.5374781586765, 891.1791593862255], [11.86045277264353, 353.3480895322835, 117.78269651076117]]}, "4": {"data_factor": 1, "filter_factor": 4, "runs": [[34.644125807953344, 660.8884837421068, 220.29616124736893], [30.314650834678304, 2103.536980924962, 701.178993641654], [13.40239932145639, 79.51052761556976, 26.503509205189918], [28.518799628997968, 127.69137710709299, 42.563792369031], [6.8905397497250895, 16.521133277485834, 5.507044425828611], [14.122923254427501, 179.96326482579923, 59.987754941933076], [15.032964910778757, 156.3278770976591, 52.10929236588637], [20.079423573488064, 174.08087148329895, 58.02695716109965], [18.57273640101417, 90.59921387713639, 30.199737959045464], [24.77807458816521, 229.2186747318549, 76.40622491061829]]}, "16": {"data_factor": 1, "filter_factor": 16, "runs": [[27.271364868405705, 67.99717691327155, 22.66572563775718], [63.30935530880963, 508.8273554448081, 169.6091184816027], [56.348543956360245, 245.07483026888553, 81.69161008962851], [19.890394682657544, 69.03506878667854, 23.011689595559513], [53.47655566265144, 600.4604487245124, 200.1534829081708], [18.19644277749045, 51.695406513562766, 17.23180217118759], [29.493532115586866, 75.76505060897742, 25.25501686965914], [36.69696345795365, 130.2643797179093, 43.42145990596976], [31.712300553749802, 233.57743944353726, 77.85914648117908], [19.741153452194492, 37.79059687165388, 12.596865623884627]]}, "64": {"data_factor": 1, "filter_factor": 64, "runs": [[37.4640197424867, 40.90969141485278, 13.636563804950926], [48.20203346174139, 53.456401107792686, 17.818800369264228], [40.15200451607968, 36.59789337817943, 12.199297792726476], [96.14564971755033, 493.85546883596965, 164.61848961198987], [38.43133996874855, 36.851569203834316, 12.283856401278106], [49.43775091396241, 97.31404481028967, 32.438014936763224], [76.58814632488122, 346.3325723458737, 115.4441907819579], [84.54884037884193, 167.38056263778978, 55.79352087926326], [49.04594726995173, 40.35379146002791, 13.451263820009302], [52.20284148803202, 49.434114073083784, 16.47803802436126]]}}}