{"filter_type": "pf", "runs": 10, "r": ["1/64", "1/16", "1/4", "1", "4", "16", "64"], "no-dataloop": false, "results": {"1/64": {"data_factor": 0.015625, "filter_factor": 0.015625, "runs": {"20": [[11.71247649942664, 21151906420.735123, 7050635473.578374], [3.341974064415262, 1478.408990797119, 492.802996932373], [8.357447076685887, 325239.89565828745, 108413.29855276248], [24.88531361288432, 497625726931.80853, 165875242310.60284], [5.606402375809221, 8673.848088390467, 2891.2826961301557], [23.47423235598934, 66056961910.21477, 22018987303.404922], [4.031377877464946, 6325.089907096519, 2108.363302365506], [35.570040777433334, 30970960.702805925, 10323653.567601975], [1.9011741944369118, 128.92325338270857, 42.97441779423619], [10.044823450467291, 1333013.2203215412, 444337.7401071804]], "50": [[3.398723090559567, 29313.775250669434, 9771.258416889812], [1.4661323720138875, 85.08549055742729, 28.361830185809097], [2.1767741095609936, 115.594099874358, 38.531366624785996], [1.3352147408944768, 56.82337053179865, 18.94112351059955], [1.8955799500543957, 76.54507359036192, 25.51502453012064], [1.0674697418894419, 11.479948267532164, 3.8266494225107213], [1.8051514101706152, 87.89388826055308, 29.297962753517695], [4.881295530109127, 9531.1593030452, 3177.0531010150667], [0.9122331470455889, 8.857740695883674, 2.9525802319612247], [7.158139521865703, 17912.50788531505, 5970.835961771684]], "500": [[1.3100866680266856, 7.379215062900442, 2.459738354300147], [4.82911754158632, 1947.3660172862726, 649.1220057620909], [0.7902363636763994, 4.564116952615535, 1.5213723175385117], [0.7107577092613441, 2.6269161387918087, 0.8756387129306029], [1.2840711680370538, 8.56057810359821, 2.8535260345327367], [4.531679414623807, 1495.6927069353758, 498.5642356451253], [1.2725625062176402, 5.001038210380597, 1.6670127367935323], [1.7337891222821527, 14.775312224946262, 4.925104074982087], [1.819028410724033, 27.74389332687598, 9.247964442291993], [1.1766310605946626, 4.465600339207174, 1.4885334464023912]]}}, "1/16": {"data_factor": 0.0625, "filter_factor": 0.0625, "runs": {"20": [[3.524168019498905, 110.11584573980028, 36.70528191326676], [6.921632757075369, 1277.0543869979476, 425.68479566598256], [6.368197225140595, 24160.184379411945, 8053.394793137315], [3.3779900603173854, 121.33192684635762, 40.44397561545254], [3.4348050315853005, 238.08737348114448, 79.36245782704816], [2.279550115392087, 59.89365607127314, 19.964552023757715], [5.178641133173006, 827.733828056933, 275.9112760189777], [39.84341341175248, 6564360.855219251, 2188120.2850730834], [7.299382294669388, 45332.81092771513, 15110.936975905044], [2.264026649731456, 901.3433795293718, 300.44779317645725]], "50": [[2.739063945482245, 13.41366052717719, 4.47122017572573], [2.1402794841165096, 11.165423228599234, 3.7218077428664116], [3.4703105248976645, 51.62333618405633, 17.207778728018777], [2.263912888189958, 15.999746738513018, 5.333248912837672], [2.7838253131845034, 28.692093239309624, 9.564031079769874], [2.1801408801538695, 29.461986966452205, 9.820662322150735], [1.3869961130864765, 5.904385965634041, 1.9681286552113468], [2.8145499816737654, 37.79199857334998, 12.597332857783327], [3.2878235238031164, 29.967092532553107, 9.989030844184368], [12.046563581120216, 38419.16978067599, 12806.389926891998]], "500": [[2.252886104140815, 4.874028264116251, 1.6246760880387503], [1.614147784715517, 3.076695470004589, 1.0255651566681963], [2.2936764580711966, 5.165762746816252, 1.7219209156054174], [2.028249570888073, 4.496179173142272, 1.498726391047424], [1.6926705999940583, 3.1873250260490904, 1.0624416753496968], [2.4725335719482806, 6.368064037553916, 2.122688012517972], [2.5028885618011216, 6.885678757709891, 2.2952262525699636], [1.8330045424510206, 3.323581214157013, 1.1078604047190044], [2.1533454692463834, 4.512254562717415, 1.5040848542391385], [1.5897200040746822, 2.7396324469171676, 0.9132108156390558]]}}, "1/4": {"data_factor": 0.25, "filter_factor": 0.25, "runs": {"20": [[3.8031261275152004, 68.36963420522811, 22.78987806840937], [5.51704397647751, 130.80699739058582, 43.602332463528604], [10.257699250416785, 985.9749224790197, 328.6583074930066], [4.29377948943457, 42.11928674630448, 14.039762248768161], [9.222985948652134, 355.8290559851902, 118.60968532839674], [21.305055188910732, 253703.17123062097, 84567.72374354032], [3.436116806229096, 29.59953550111243, 9.866511833704143], [5.865106038776706, 6008.935840252699, 2002.9786134175663], [4.433976784823554, 170.461460468781, 56.820486822927], [4.901750000022562, 97.54249275373012, 32.51416425124337]], "50": [[3.5669238765202156, 11.107833333735803, 3.7026111112452678], [3.5706691520961216, 12.609536417668442, 4.203178805889481], [4.630638771847966, 21.579209926156828, 7.193069975385609], [6.35933419901226, 47.63375840022293, 15.877919466740977], [4.760921221914469, 14.015170079861232, 4.671723359953744], [9.112454810247836, 105.50069969431634, 35.16689989810545], [3.514298020393873, 9.227676649493255, 3.0758922164977514], [4.764217408175348, 24.86055224534925, 8.28685074844975], [4.5644434512779934, 32.43550232203742, 10.811834107345808], [5.524896055939645, 30.303115837381647, 10.101038612460549]], "500": [[3.1561869458556555, 2.8626776271312293, 0.9542258757104097], [3.4398943577906733, 3.7061304398602717, 1.2353768132867573], [4.471996104531673, 5.092590057595379, 1.6975300191984595], [2.924794623623589, 2.816377928402278, 0.9387926428007592], [3.853666768515443, 4.155320011893421, 1.3851066706311403], [3.673365761374538, 3.780197474307705, 1.260065824769235], [3.0888123772805782, 3.690892568876828, 1.2302975229589428], [2.915020731489327, 2.713964933508153, 0.904654977836051], [3.2621104991262007, 3.2643793590169654, 1.0881264530056551], [3.6622523982021176, 3.6004601932590394, 1.2001533977530132]]}}, "1": {"data_factor": 1, "filter_factor": 1, "runs": {"20": [[22.529353922516183, 640.4758031980957, 213.49193439936525], [30.697842141057627, 15321.15133140593, 5107.050443801977], [14.420939237047913, 195.60415583147443, 65.20138527715814], [15.801924061219, 121.60019162078137, 40.53339720692713], [18.533758656311285, 685.8556034602155, 228.61853448673853], [8.799771529340896, 90.3978686148439, 30.132622871614632], [16.206461134098735, 430.01924092231377, 143.3397469741046], [7.684660733378383, 27.730244935373385, 9.243414978457794], [21.45907699234921, 33222.38042826263, 11074.126809420877], [9.061456096547097, 77.30043406947664, 25.766811356492212]], "50": [[9.95443640997339, 21.641413798036513, 7.213804599345504], [14.676023506037982, 49.36409596778428, 16.454698655928095], [11.68660952173158, 22.57400470504374, 7.52466823501458], [19.257838903989196, 57.07012570901167, 19.023375236337223], [19.98115650986106, 681.6895018280904, 227.2298339426968], [6.30781624860178, 13.010643404226693, 4.336881134742231], [10.326626746199956, 18.630237352643103, 6.210079117547701], [6.163036265975572, 5.9533421379388916, 1.9844473793129638], [9.199008582906817, 13.23778375456857, 4.41259458485619], [13.537144946022359, 47.809609804918985, 15.936536601639661]], "500": [[7.344222505242076, 3.5012904414592754, 1.1670968138197584], [7.823717508316489, 3.8432423566238985, 1.2810807855412996], [8.33690580512228, 4.537063659182369, 1.5123545530607896], [6.4431086791487795, 2.8392586446651604, 0.9464195482217201], [6.24026145055713, 2.9131408625971176, 0.9710469541990392], [4.220500389743765, 2.155788552204768, 0.718596184068256], [6.720416306951158, 3.7221974633344628, 1.2407324877781543], [8.930909465812466, 4.481468162466423, 1.493822720822141], [7.991875710047179, 4.99082346953935, 1.6636078231797835], [7.389656373665873, 4.240318139482914, 1.4134393798276381]]}}, "4": {"data_factor": 4, "filter_factor": 4,