{"filter_type": "pf", "runs": 1, "r": ["1"], "no-dataloop": false, "results": {"1": {"data_factor": 1, "filter_factor": 1, "runs": [[8.567264372950905, 14.742252771106532, 4.914084257035511]]}}}