{"filter_type": "pf", "runs": 10, "r": ["1/64", "1/16", "1/4", "1", "4", "16", "64"], "no-dataloop": true, "results": {"1/64": {"data_factor": 1, "filter_factor": 0.015625, "runs": [[132.37436998685348, 4167211238.749033, 1389070412.9163444], [120.1197563057901, 347301407.8336675, 115767135.94455583], [114.85038315082595, 133678378.55687375, 44559459.51895792], [28.116870833363397, 219304924591.08524, 73101641530.36174], [42.942823034917474, 27834287.23063344, 9278095.74354448], [110.27489996788623, 296487827.83428496, 98829275.94476165], [50.00030871887493, 773349216252.691, 257783072084.23035], [69.87343337497157, 208211774.54039994, 69403924.84679998], [126.27456927375975, 283993707.39665145, 94664569.13221715], [77.33349197099483, 114878380085.67876, 38292793361.89292]]}, "1/16": {"data_factor": 1, "filter_factor": 0.0625, "runs": [[30.287266845330805, 5150245.349096232, 1716748.449698744], [36.27252461981967, 2000301.1592198878, 666767.053073296], [24.147269914357107, 325007753.5504708, 108335917.85015695], [6.36910441222808, 503397.0201375865, 167799.00671252885], [22.174060380062212, 787462.4673979899, 262487.4891326633], [30.900810919235727, 2540825200.1934257, 846941733.3978086], [7.70296667122514, 592559881.660552, 197519960.55351734], [16.697314920218975, 11621711.76103804, 3873903.9203460137], [83.7433385719515, 47176917.577940986, 15725639.192646995], [16.745136527048597, 1070065.5979299052, 356688.5326433017]]}, "1/4": {"data_factor": 1, "filter_factor": 0.25, "runs": [[15.44671203555848, 1111.3360507921464, 370.4453502640488], [14.481431846070409, 1812.1636385731274, 604.0545461910425], [18.07897699100029, 2192.610399996589, 730.8701333321964], [5.699493833933458, 340.15249214603733, 113.38416404867911], [8.916439830500977, 212.74332551038512, 70.91444183679504], [9.56348037279893, 393.849458298892, 131.28315276629732], [11.259725894164735, 689.2506516402995, 229.75021721343316], [10.634298439193353, 740.2295886000159, 246.7431962000053], [14.766272215940106, 1205.867987837762, 401.9559959459207], [11.294698518689415, 1149.5435374649378, 383.18117915497925]]}, "1": {"data_factor": 1, "filter_factor": 1, "runs": [[6.8973267246970735, 3.9648554840504744, 1.3216184946834915], [7.7352801328802165, 6.941852299971049, 2.3139507666570163], [8.75520381277811, 6.228159820715905, 2.076053273571968], [8.965329747964695, 6.682454536926879, 2.227484845642293], [8.040487381343954, 9.100915619740526, 3.033638539913509], [12.531321173587212, 16.480711552952517, 5.493570517650839], [7.686949054926863, 6.133912600605473, 2.0446375335351576], [8.299807905135713, 10.587188017751355, 3.5290626725837853], [11.66129049375694, 21.066122628215616, 7.022040876071872], [6.598110248911824, 4.26921842241748, 1.4230728074724934]]}, "4": {"data_factor": 1, "filter_factor": 4, "runs": [[7.760644619705315, 1.5166759614860734, 0.5055586538286911], [9.787480716413713, 2.6800411225658167, 0.8933470408552723], [6.394017096231976, 1.5057095383241361, 0.5019031794413787], [7.670614773369258, 1.8258228105168215, 0.6086076035056072], [9.296425471046721, 1.9087998582420347, 0.6362666194140115], [11.174940623494063, 3.070386294021874, 1.0234620980072913], [7.879154269175815, 1.8688890400443698, 0.6229630133481233], [8.17442401276629, 1.7035041700283953, 0.5678347233427984], [7.8795201483294965, 2.0336771666186992, 0.6778923888728997], [7.0068508963705645, 1.7316063465073523, 0.5772021155024508]]}, "16": {"data_factor": 1, "filter_factor": 16, "runs": [[11.466756584049982, 1.3291637310019815, 0.4430545770006605], [14.543849516794035, 1.735140938219143, 0.5783803127397144], [11.801150656746099, 1.3344711098118978, 0.4448237032706326], [8.049433463132054, 1.2377319287527073, 0.4125773095842358], [12.112028129981068, 1.696364760367168, 0.5654549201223894], [10.092692329356588, 1.2370439884850384, 0.41234799616167944], [8.828831184319526, 1.1496553729038732, 0.3832184576346244], [9.384337010519369, 1.2376576367397942, 0.41255254557993143], [9.552708887960884, 1.2092957589850584, 0.40309858632835277], [11.442207219183526, 1.3303142028315613, 0.44343806761052046]]}, "64": {"data_factor": 1, "filter_factor": 64, "runs": [[27.9080483429046, 1.8001303127901116, 0.6000434375967039], [29.42934946680487, 1.8717646213677943, 0.6239215404559314], [34.29213276430579, 2.036388172095367, 0.6787960573651223], [29.18188402017906, 1.5849708976320758, 0.5283236325440253], [30.312987379741447, 1.6989077221195015, 0.5663025740398339], [24.80556569076142, 1.3788741107549634, 0.4596247035849878], [24.03565177283002, 1.4225456713394962, 0.4741818904464987], [21.508087844170856, 1.2404393429412737, 0.41347978098042454], [24.946130252112216, 1.40990092766847, 0.46996697588949], [25.50497883946949, 1.7697752737861034, 0.5899250912620345]]}}}