{"filter_type": "ekf", "runs": 10, "r": ["1/64", "1/16", "1/4", "1", "4", "16", "64"], "no-dataloop": true, "results": {"1/64": {"data_factor": 1, "filter_factor": 0.015625, "runs": [[4.704465912749265, 128.1104054533639, 42.70346848445464], [6.302252583773761, 151.178173888805, 50.392724629601666], [8.804748307979901, 259.846850649335, 86.61561688311167], [5.778198311029482, 137.25039916457598, 45.75013305485866], [6.268918455442463, 148.6845938116426, 49.56153127054753], [5.710446998249913, 122.39218564389277, 40.797395214630924], [8.321765902723039, 212.00157110394264, 70.66719036798088], [7.790552173342824, 223.67491573663708, 74.5583052455457], [7.049683111614474, 188.44439973349893, 62.81479991116631], [6.360390032680312, 159.0441790488972, 53.014726349632404]]}, "1/16": {"data_factor": 1, "filter_factor": 0.0625, "runs": [[6.165589579881623, 36.069742213828064, 12.023247404609355], [8.429172350297957, 57.06522862621445, 19.021742875404815], [9.942307891861569, 84.66067225513707, 28.22022408504569], [6.643839985520173, 37.719665093773784, 12.573221697924595], [7.184941619858672, 43.937727200534354, 14.645909066844785], [7.942586361088566, 78.62364829434375, 26.20788276478125], [6.588676530928162, 40.78291734784774, 13.594305782615914], [8.427936160854026, 50.10979379401426, 16.703264598004754], [7.049156608293297, 41.62707010266213, 13.87569003422071], [5.199004801425391, 32.10698098365706, 10.702326994552353]]}, "1/4": {"data_factor": 1, "filter_factor": 0.25, "runs": [[6.987658581457221, 13.634244953585654, 4.544748317861885], [5.829082940485048, 8.922443249287697, 2.9741477497625657], [5.510566575281969, 8.392254874169303, 2.797418291389768], [7.7430080331302324, 17.874937944236247, 5.958312648078749], [7.731933802375154, 11.888007713383267, 3.9626692377944224], [9.773736118439652, 17.45526283061054, 5.818420943536847], [5.710928390094762, 7.8215250929599085, 2.607175030986636], [6.884761262191436, 12.291982490492433, 4.097327496830811], [7.090725901048408, 11.87419388173093, 3.9580646272436435], [5.76160216092868, 12.424573100541926, 4.1415243668473085]]}, "1": {"data_factor": 1, "filter_factor": 1, "runs": [[6.756344346720041, 3.089663711892501, 1.029887903964167], [6.123345341869834, 2.3091650339597227, 0.7697216779865742], [6.279267834311704, 2.698156059978717, 0.899385353326239], [5.688534571516542, 2.5773773293134683, 0.8591257764378227], [6.118815176535794, 3.0583402223649374, 1.0194467407883125], [6.69654419519834, 2.914987466395518, 0.971662488798506], [7.731293277457726, 4.36800517360772, 1.4560017245359067], [5.810588890636498, 2.0693151744708502, 0.6897717248236167], [6.339210439682675, 3.5113359744638246, 1.170445324821275], [6.2826601239135655, 2.7715358567059, 0.9238452855686333]]}, "4": {"data_factor": 1, "filter_factor": 4, "runs": [[10.6408286194734, 1.0821066447307928, 0.3607022149102643], [6.110711954519247, 0.7399930200173505, 0.2466643400057835], [8.31122323592844, 1.1217766159148366, 0.3739255386382789], [5.4513168029310775, 0.5943047234088792, 0.1981015744696264], [4.4630028508001205, 0.5419624292127531, 0.18065414307091768], [7.4387205200036535, 0.7870494448625608, 0.2623498149541869], [6.7430110556267495, 1.085940699936857, 0.3619802333122857], [7.504677991078763, 0.8819065294024275, 0.2939688431341425], [7.105163184522034, 1.0653160867889668, 0.35510536226298894], [6.5243194851816, 0.7145142343615491, 0.2381714114538497]]}, "16": {"data_factor": 1, "filter_factor": 16, "runs": [[9.484662119518138, 0.2899282136342004, 0.0966427378780668], [5.312588840395911, 0.17883396559984135, 0.05961132186661378], [6.12656799953907, 0.19117848972063023, 0.06372616324021008], [7.621798816984076, 0.3731326454847101, 0.12437754849490336], [7.818623831477003, 0.23525805172342962, 0.07841935057447653], [11.976063495509557, 0.4187685091428955, 0.13958950304763182], [10.359661102365532, 0.4203819165231571, 0.14012730550771904], [5.857934454538947, 0.1593660169308121, 0.05312200564360403], [6.127461840561189, 0.1896870060786364, 0.06322900202621214], [7.195213555686262, 0.19679930605916052, 0.06559976868638684]]}, "64": {"data_factor": 1, "filter_factor": 64, "runs": [[6.808689537138047, 0.04533966171680042, 0.015113220572266807], [6.28518218623844, 0.044556792083262506, 0.01485226402775417], [4.887069930346793, 0.03783996189013227, 0.01261332063004409], [6.401809547948049, 0.0433039492583149, 0.014434649752771632], [6.202174300530624, 0.04065571221243219, 0.01355190407081073], [7.341289432707085, 0.054860982875574754, 0.01828699429185825], [6.055814823751873, 0.03887413289609427, 0.012958044298698089], [5.023392837263392, 0.033204228542126166, 0.011068076180708722], [7.631930440438052, 0.052916395649373504, 0.017638798549791168], [4.968957507142091, 0.028875884282391042, 0.009625294760797013]]}}}